id	text
2	учетная политика 2022
2	учетная политика 2022 год
2	учетная политика на 2022
2	учетная политика на 2022 год
2	учетная политика 2022г
2	учетная политика на 2022
2	учетная политика 2022 год
2	учетная политика на 2022 г
2	учетная политика 2022
2	учетная политика2022
2	учетная политика на 2022 год?
2	учетная политика на 2022г
2	учетная политика 2022
2	учетная политика на 2022 год
2	учетная политика 2022 года
2	учетная политика на 2022 г.
2	учетная политика на 2022 год
2	учетная политика на 2022 год?
2	учетная политика 2022
2	учетная политика на 2022
2	учетная политика 2022год
2	учетная политика на 2022г
2	учетная политика 2022 г
2	учетная политика 2022 г
2	учетная политика на 2022год
2	учетная политика на 2022 год
2	учетная политика на 2022 г.
2	учетная политика на 2022
2	учетная политика 2022год
49	изменения с 2022 года
49	изменение в 2022 году
49	изменения в 2022году
49	Изменения в 2022 году
49	изменения на 2022 год
49	изменения с 2022 года
49	изменения 2022г
49	Изменения 2022 года
49	изменения в 2022 году
49	изменения 2022 год
49	изменения на 2022 год
49	изменения по усн 2022
49	изменения 2022 год
49	изменения в работе 2022
49	изменения в 2022
49	изменения в 2022г.
49	изменения 2022 года
49	изменения в 2022
49	изменения в 2022 году
49	изменения 2022 год
49	изменения 2022г.
49	Изменения 2022 года
49	изменение в 2022 году
49	Изменения в 2022 году
49	изменения по усн 2022
49	изменения в работе 2022
49	изменения в 2022году
1211	чек-лист на февраль
1211	чек-лист февраля
1211	чек лист на февраль
1211	чек лист февраль
1211	чек-лист февраля
1211	чек-лист февраль
1211	чек-лист февраль
1211	чек-лист на февраль
1211	чек-лист на февраль
1211	чек лист февраль
1211	чек лист за февраль
1211	чек лист февраль
1211	чек лист за февраль
1211	чек-лист за февраль
1211	чек лист февраль
1211	чек лист февраля
1211	чек лист на февраль
1211	чек лист на февраль
1211	чек-лист на февраль
1211	чек лист февраля
1211	чек лист за февраль
1211	чек лист за февраль
1211	чек-лист февраль
1211	чек лист на февраль
1211	чек-лист февраль
215	что изменить в учетной политике на 2022 г
215	что изменить в учетной политике на 2022 год?
215	что изменить в учетной политики на 2022 год
215	Что изменить в учетной политике на 2022
215	Что изменить в учетной политике на 2022 год
215	что изменить в учетной политике на 2022
215	что изменить в учетной политике на 2022 год?
215	что изменить в учетной политике на 2022г.
215	что изменить в учетной политике на 2022г.
215	Что изменить в учетной политике на 2022 год?
215	что изменить в учетной политике на 2022год
215	Что изменить в учетной политике на 2022 г.?
215	Что изменить в учетной политике на 2022 год?
215	Что изменить в учетной политике на 2022 год
215	Что изменить в учетной политике на 2022год?
215	что изменить в учетной политике на 2022г
215	Что изменить в учетной политике на 2022 год
215	Что изменить в учетной политике на 2022 год
215	что изменить в учетной политике на 2022
215	что изменить в учетной политике 2022
215	что изменить в учетной политике на 2022г
215	что изменить в учетной политике на 2022 г
215	что изменить в учетной политике на 2022 г
215	что изменить в учетной политике на 2022
871	изменения в 2021 году
871	изменения 2021 года
871	изменения 2021г
871	изменения в 2021
871	изменения 2021 года
871	изменения 2021г.
871	изменения в 2021
871	изменения 2021 года
871	изменения на 2021 год
871	изменения в 2021 году
871	изменения 2021 г
871	изменения 2021г
871	изменения 2021 год
871	изменения в 2021 году
871	изменения в 2021
871	изменения в 2021г
871	изменения на 2021 год
871	изменения в 2021г
871	изменения 2021 год
871	изменения 2021 г
871	изменения на 2021
871	изменения 2021 г.
871	изменения 2021г
871	изменения 2021 г.
1240	как проверять сделку по статье 54.1
1240	как проверить сделку по ст.54.1
1240	как проверяют сделку по ст. 54.1
1240	как проверить сделку по ст 54.1
1240	как проверить сделку по ст.54.1
1240	как проверяют сделку по ст 54,1
1240	как проверить сделку по ст 54.1
1240	как проверяют сделку по ст 54.1
1240	как проверяют сделку по ст 54,1
1240	как проверяют сделку по статье 54.1
1240	как проверяют сделку по ст. 54.1
1240	как проверяют сделку по ст 54.1
1240	как проверить сделку по ст 54.1
1240	как проверяют сделку по статье 54,1
1240	как проверяют сделку по ст.54.1
1240	как проверяют сделку по статье 54,1
1240	как проверяют сделку по статье 54.1
1240	как проверяют сделку по ст.54.1
1240	как проверять сделку по статье 54.1
1240	как проверяют сделку по статье 54.1
1240	как проверять сделку по статье 54.1
1240	как проверяют сделку по статье 54.1
964	чек лист на март
964	чек лист март
964	чек лист март
964	чек лист на март
964	чек-лист марта
964	чек-лист март
964	чек-лист на март
964	чек-лист марта
964	чек-лист на март
964	чек-лист за март
964	чек лист на март
964	чек-лист март
964	чек лист на март
964	чек лист марта
964	чек-лист за март
964	чек лист март
964	чек лист за март
964	чек лист за март
964	чек лист март
964	чек-лист на март
964	чек лист за март
67	Как бухгалтеру закрыть 2021 год?
67	как бухгалтеру закрыть 2021г
67	как бухгалтеру закрыть 2021г
67	как бухгалтеру закрыть 2021год
67	как бухгалтеру закрыть 2021год
67	как бухгалтеру закрыть 2021 г.
67	как бухгалтеру закрыть 2021 год
67	как бухгалтеру закрыть 2021
67	как бухгалтеру закрыть 2021год
67	как бухгалтеру закрыть 2021 год
67	Как бухгалтеру закрыть 2021 год
67	как бухгалтеру закрыть 2021 год
67	как бухгалтеру закрыть 2021г.
67	как закрыть бухгалтеру 2021 год
67	Как бухгалтеру закрыть 2021 год?
67	как бухгалтеру закрыть 2021 год
67	как бухгалтеру закрыть 2021г
67	как бухгалтеру закрыть 2021 год?
67	как бухгалтеру закрыть 2021
67	как закрыть бухгалтеру 2021 год
904	чек лист на январь
904	чек-лист на январь
904	чек-лист на январь
904	чек лист января
904	чек-лист январь
904	чек-лист январь
904	чек лист январь
904	чек-лист январь
904	чек лист на январь
904	чек-лист за январь
904	чек-лист января
904	чек-лист на январь
904	чек лист январь
904	чек-лист январь
904	чек лист январь
904	чек лист на январь
904	чек лист на январь
904	чек-лист на январь
904	чек лист января
395	что меняется в работе бухгалтера в 2022 году
395	Что меняется в работе бухгалтера в 2022
395	что меняется в работе бухгалтера в 2022 году
395	что меняется в работе бухгалтера в 2022 г
395	что меняется в работе бухгалтера в 2022 г.
395	что меняется в работе бухгалтера в 2022
395	что меняется в работе бухгалтера в 2022 году?
395	что меняется в работе бухгалтера в 2022 году?
395	что меняется в работе бухгалтера в 2022 году
395	Что меняется в работе бухгалтера в 2022 году?
395	что меняется в работе бухгалтера в 2022 г.
395	что меняется в работе бухгалтера в 2022г
395	что меняется в работе бухгалтера в 2022г
395	что меняется в работе бухгалтера в 2022 году?
395	что меняется в работе бухгалтера в 2022
395	Что меняется в работе бухгалтера в 2022 году
395	что меняется в работе бухгалтера в 2022?
395	что меняется в работе бухгалтера в 2022году
1030	чек-лист апреля
1030	чек-лист за апрель
1030	чек лист апреля
1030	чек лист на апрель
1030	чек-лист за апрель
1030	чек лист апрель
1030	чек-лист на апрель
1030	чек-лист апрель
1030	чек-лист апрель
1030	чек лист апрель
1030	чек-лист апрель
1030	чек-лист апреля
1030	чек-лист на апрель
1030	чек-лист за апрель
1030	чек лист на апрель
1030	чек-лист апрель
1030	чек лист на апрель
1030	чек лист за апрель
747	изменения с октября 2021г.
747	изменения с октября 2021
747	изменения с октября 2021
747	изменения с октября 2021 г.
747	изменения с октября 2021 года
747	изменения с октября 2021г.
747	Изменения с октября 2021 года
747	изменения с октября 2021г
747	изменения с октября 2021
747	изменения с октября 2021
747	изменения с октября 2021 года
747	изменения с октября 2021 г
747	изменения с октября 2021г.
747	изменения с октября 2021 года
747	изменения с октября 2021г
747	изменения с октября 2021 г
363	изменение 2021
363	изменения 2021
363	изменения 2021
363	изменения 2021
363	изменения 2021
363	изменение 2021
363	изменения 2021
363	изменения 2021
363	изменеия 2021
363	изменение 2021
363	изменеия 2021
363	изменения 2021
363	изменение 2021
363	измения 2021
363	изменение 2021
526	как составить пояснения в налоговую образцы ответов
526	как составить пояснения в налоговую инспекцию образцы ответов
526	Как составить пояснение в налоговую инспекцию. Образцы ответов
526	как составить пояснения в налоговую образцы ответов
526	Как составить пояснения в налоговую инспекцию. Образцы ответов
526	как составить пояснение в налоговую инспекцию. образцы ответов
526	как составить пояснения в налоговую инспекцию, образцы ответов
526	как составить пояснение в налоговую инспекцию образцы ответов
526	как составить пояснения в налоговую инспекцию. образцы ответов
526	как составить пояснения в налоговую инспекцию образцы ответов
526	как составить пояснение в налоговую инспекцию образцы ответов
526	Как составить пояснения в налоговую инспекцию. Образцы ответов
526	как составить пояснение в налоговую инспекцию образцы ответов
526	как составить пояснения в налоговую инспекцию, образцы ответов
526	как составить пояснения в налоговую инспекцию образцы ответов
236	справочник отчетности за 1 квартал
236	справочник отчетности за 1 квартал
236	справочник по отчетности за 1 квартал
236	справочник отчетность за 1 квартал
236	справочник отчетности за 1 квартал
236	справочник отчетности за 1 полугодие
236	справочник отчетность за 1 квартал
236	справочник отчетности 1 квартал
236	справочник отчетности за 1 квартал
236	справочник по отчетности за 1 квартал
236	справочник отчетности 1 квартал
236	справочник отчетности за 1 полугодие
236	справочник отчетности за 1 полугодие
236	справочник отчетности 1 квартал
254	справочник отчетности за 1 квартал 2021
254	справочник отчетности за 1 квартал 2021 года
254	справочник отчетности за 1 кв 2021
254	отчетность 1 квартал 2021
254	справочник отчетности 1 квартал 2021
254	справочник отчетности за 1 квартал 2021
254	отчетность 1 квартал 2021
254	справочник отчетности за 1 квартал 2021
254	справочник отчетности за 1 квартал 2021 года
254	справочник отчетности 1 квартал 2021
254	справочник отчетности за 1 квартал 2021 года
254	справочник отчетности за 1 квартал 2021
254	справочник отчетности за 1 кв 2021
265	закрыть 2021 год
265	закрыть 2021
265	закрыть 2021 год
265	закрыть 2021год
265	закрытие 2021 года
265	закрыть 2021г
265	закрыть 2021 год
265	закрыть 2021г
265	закрыть 2021год
265	закрыть 2021
265	закрытие года 2021
265	закрытие 2021 года
265	закрыть 2021год
937	чек лист августа
937	чек лист на август
937	чек-лист на август
937	чек-лист августа
937	чек лист август
937	чек лист на август
937	чек-лист августа
937	чек-лист августа
937	чек лист на август
937	чек лист август
937	чек-лист на август
937	чек лист на август
937	чек-лист на август
898	чек лист на май
898	чек лист на май
898	чек лист на май
898	чек-лист за май
898	чек-лист на май
898	чек-лист за май
898	чек-лист на май
898	чек лист за май
898	чек лист за май
898	чек лист на май
898	чек лист за май
898	чек-лист за май
1568	как закрыть 2021
1568	как закрыть 2021 год?
1568	Как закрыть 2021 год
1568	как закрыть 2021год
1568	как закрыть 2021год
1568	как закрыть 2021 г
1568	как закрыть 2021 г
1568	как закрыть 2021 год
1568	как закрыть 2021 год?
1568	как закрыть 2021 год
1568	как закрыть 2021 год
1568	как закрыть 2021
111	отчетность 1 квартал 2022
111	отчетность 2022
111	квартальный отчет 2022
111	отчетность 1 квартал 2022
111	отчетность 2022
111	квартальный отчет 2022
111	квартальный отчет 2022
111	отчетность за 1 квартал 2022
111	квартальный отчет 2022
111	отчетность 1 квартал 2022
111	отчетность за 1 квартал 2022
241	пособие 2022
241	пособия 2022 года
241	пособия в 2022
241	пособие в 2022 году
241	пособие 2022 года
241	пособия в 2022
241	пособия 2022
241	пособия 2022
241	пособие в 2022
241	пособия 2022 года
241	пособия в 2022 году
650	как составить пояснения в налоговую инспекцию
650	как составить пояснение в налоговую инспекцию
650	как составить пояснение в налоговую
650	как составить пояснение в налоговую инспекцию
650	как составить пояснения в налоговую
650	как составить пояснение в налоговую инспекцию
650	как составить пояснения в налоговую инспекцию
650	как составить пояснение в налоговую
650	как составить пояснения в налоговую
650	как составить пояснения в налоговую
650	как составить пояснение в налоговую инспекцию
653	срок выплаты отпускных
653	срок выплат отпускных
653	срок выплаты отпускных
653	сроки выплаты отпускных
653	срок выплаты отпускных
653	срок выплат отпускных
653	срок выплаты отпусков
653	сроки выплаты отпускных
653	сроки выплаты отпускных
653	срок выплаты отпускных
653	сроки выплаты отпускных
658	чек лист на июнь
658	чек лист на июнь
658	чек-лист июня
658	чек лист июнь
658	чек-лист на июнь
658	чек лист за июнь
658	чек лист на июнь
658	чек-лист июня
658	чек лист июнь
658	чек лист за июнь
658	чек лист июня
928	изменения в учетной политике на 2022
928	изменения в учетной политике 2022
928	изменения в учетной политике 2022
928	изменения в учетной политике на 2022
928	изменения в учетной политике на 2022 год
928	изменения в учетной политике на 2022 год
928	изменения в учетной политике 2022
928	изменения в учетной политике на 2022 год
928	изменения в учетной политике на 2022
928	изменение в учетной политике на 2022 год
928	изменение в учетной политике на 2022 год
938	чек-лист октябрь
938	чек лист на октябрь
938	чек лист на октябрь
938	чек лист октября
938	чек лист октября
938	чек-лист октября
938	чек лист октября
938	чек-лист октября
938	чек-лист на октябрь
938	чек-лист октября
938	чек лист октябрь
14	справочник годовой отчет
14	справочник годовой отчетности
14	справочник годовой отчёт
14	справочник годовой отчет
14	справочник годовой отчет
14	справочник годовой отчёт
14	справочник годовой отчетности
14	справочник годовой отчет
14	Справочник по годовой отчетности
14	Справочник по годовой отчетности
22	чек лист бухгалтера на февраль
22	чек-лист бухгалтера на февраль
22	чек-лист бухгалтера на март
22	чек лист бухгалтера на март
22	чек лист для бухгалтера на март
22	чек лист бухгалтера на февраль
22	чек лист бухгалтера на март
22	чек лист для бухгалтера на май
22	чек-лист бухгалтера на февраль
22	чек лист для бухгалтера на март
86	Как работать бухгалтеру в условиях санкций?
86	как бухгалтеру работать в условиях санкций
86	как бухгалтеру работать в условиях санкций
86	как бухгалтеру работать в условиях санкций?
86	Как бухгалтеру работать в условиях санкций
86	как бухгалтеру работать в период санкций
86	как работать бухгалтеру в условиях санкций
86	как бухгалтеру работать в условиях санкций?
86	Как работать бухгалтеру в условиях санкций?
86	Как бухгалтеру работать в условиях санкций
136	отпуска 2021
136	отпуска 2021
136	отпускные 2021
136	отпускные 2021
136	отпуск 2021
136	отпуск 2021
136	отпуск 2021
136	отпуск 2021
136	отпуск 2021?
136	отпуск 2021?
217	чек лист бухгалтера на март 2021
217	чек лист бухгалтера на январь 2021
217	чек лист для бухгалтера на декабрь 2021
217	чек лист бухгалтера на февраль 2021 года
217	Чек-лист для бухгалтера на март 2021 года
217	Чек-лист для бухгалтера на март 2021 года
217	Чек-лист для бухгалтера на май 2021 года
217	чек лист бухгалтера на январь 2021
217	чек лист для бухгалтера на декабрь 2021
217	Чек-лист для бухгалтера на май 2021 года
302	изменения с 01 июля 2021
302	изменения с 1 июля 2021
302	Изменения с 01 июля 2021
302	изменения с 01 июля 2021
302	изменения с 01.07.2021
302	изменения с 1 июля 2021 года
302	изменения с 01.07.2021
302	изменения с 01.07.2021
302	Изменения с 1 июля 2021 года
302	Изменения с 1 июля 2021
318	Изменения в ноябре
318	изменения ноябрь
318	изменения в декабре
318	изменения в ноябре
318	Изменения в ноябре
318	Изменения в ноябре
318	изменения ноябрь
318	изменение в ноябре
318	изменение в ноябре
318	изменения в октябре
408	чек лист для бухгалтера на январь
408	чек лист бухгалтера на январь
408	чек лист бухгалтерских дел на январь
408	чек-лист бухгалтера на январь
408	чек лист бухгалтера январь
408	чек лист бухгалтерских дел на январь
408	Чек-лист для бухгалтера на январь
408	чек-лист бухгалтера на январь
408	чек лист бухгалтерских дел на январь
408	чек лист бухгалтера на январь
973	изменения с 1 июля
973	изменение с 1 июля
973	изменения с первого июля
973	изменения с 01 июля
973	изменения с первого июля
973	изменение с 1 июля
973	изменения с 01 июля
973	изменения с 1 июля
973	изменения с 01 июля
973	Изменения с 1 июля
979	изменение ноябрь 2021
979	изменения ноябрь 2021
979	изменения октябрь 2021
979	изменение ноябрь 2021
979	изменения ноябрь 2021
979	изменения октябрь 2021
979	изменения ноябрь 2021
979	изменения октябрь 2021
979	Изменения ноябрь 2021
979	изменение ноябрь 2021
989	чек-лист бухгалтера
989	чек лист бухгалтера
989	чек лист для бухгалтера
989	чек-лист для бухгалтера
989	чек-лист бухгалтера
989	чек лист для бухгалтера
989	чек лист бухгалтера
989	чек-лист для бухгалтера
989	чек лист для бухгалтера
989	чек лист бухгалтера
1027	Изменения сентябрь 2021
1027	изменения сентября 2021
1027	изменения в сентябре 2021
1027	изменения сентября 2021г
1027	изменения сентября 2021 года
1027	изменения сентября 2021 года
1027	Изменения сентябрь 2021
1027	изменения сентября 2021
1027	изменения сентября 2021г
1027	изменения в сентябре 2021
1471	реальность расходов по ст.54.1 НК
1471	реальность расходов по ст. 54.1 НК
1471	реальность расходов по статье 54.1 НК
1471	реальность расходов по статье 54.1 нк
1471	реальность расходов по ст 54.1 нк
1471	реальность расходов по ст 54.1 нк
1471	реальность расходов по ст 54.1 нк
1471	реальность расходов по ст.54.1 НК
1471	реальность расходов по статье 54.1 нк
1471	реальность расходов по ст. 54.1 НК
1531	чек лист для бухгалтера на август 2021
1531	Чек-лист бухгалтера на август 2021 года
1531	Чек-лист для бухгалтера на август 2021 года
1531	Чек-лист бухгалтера на август 2021 года
1531	Чек-лист для бухгалтера на август 2021 года
1531	чек лист для бухгалтера на август 2021 года
1531	Чек-лист для бухгалтера на август 2021 года
1531	чек лист для бухгалтера на август 2021 года
1531	чек лист для бухгалтера на август 2021
1531	Чек-лист бухгалтера на август 2021 года
106	новые реквизиты платежек
106	новые реквизиты платежек
106	новые платежки
106	новые реквизиты платежей
106	новые реквизиты платежных поручений
106	новые правила заполнения платежек
106	новые реквизиты платежек
106	новые реквизиты платежей
106	новые правила заполнения платежек
195	мрот 2022г
195	мрот 2022 г
195	мрот на 2022
195	мрот 2022
195	мрот на 2022
195	мрот 2022
195	мрот на 2022 год
195	мрот на 2022 год
195	мрот 2022
336	чек лист
336	Чек лист
336	чек-лист
336	чек-лист
336	чек лист
336	чек лист
336	чек лист
336	чек-лист
336	чек-лист
375	как снизить расходы на зарплату
375	как сократить расходы на заработную плату
375	как сократить расходы на зарплату
375	как сократить расходы на зарплату
375	как сократить расходы на заработную плату
375	как сократить расходы на зарплату
375	как сократить расходы на зарплату
375	как сократить расходы на заработную плату
375	как сократить расходы на зп
836	изменения в учетной политике
836	Изменения в учетной политике
836	изменение учетной политики
836	изменения в учетной политике
836	изменение в учетной политике
836	изменение учетной политики
836	изменение в учетной политике
836	изменение в учетной политике
836	изменения в учетной политике
865	изменения сентября
865	Изменения сентября
865	изменения в сентябре
865	изменения сентябрь
865	изменения сентябрь
865	изменения в сентябре
865	Изменения сентября
865	изменения в сентябре
865	изменения сентября
918	мрот 2021 года
918	мрот 2021
918	мрот 2021г
918	мрот 2021
918	мрот 2021
918	мрот 2021
918	мрот на 2021 год
918	мрот на 2021 год
918	мрот 2021г
1093	как оформлять платежное поручение на зарплату
1093	Как оформлять платежки на зарплату
1093	как оформлять платежные поручения на зарплату
1093	как оформлять платежки на зарплату
1093	как оформлять платежные поручения на зарплату
1093	как оформлять платежки на зарплату
1093	как оформлять платежные поручения на зарплату
1093	как оформлять платежное поручение на зарплату
1093	как оформлять платежное поручение на зарплату
1246	новые платежи 2021
1246	новые платежные поручения 2021
1246	новые платежки 2021
1246	Новые платежки 2021
1246	новые платежки 2021
1246	новые платежные поручения 2021
1246	новые платежи 2021
1246	новые платежки 2021
1246	новые платежи 2021
1696	как заполнить 6-ндфл
1696	как заполнить 6 ндфл
1696	как заполнить 6-ндфл
1696	как заполнить 6ндфл
1696	как заполнить 6ндфл
1696	как заполнить 6-ндфл?
1696	как заполнить 6-ндфл
1696	как заполнить 6 ндфл
1696	как заполнить 6 ндфл
81	как составить служебную записку
81	как составить служебную записку?
81	как составить служебную записку
81	как составить служебную записку
81	как составить служебную записку?
81	Как составить служебную записку?
81	как составить служебную записку
81	Как составить служебную записку?
324	как оформлять пособия в 2022г
324	Как оформлять и платить пособия в 2022 году
324	как оформить пособие в 2022 году
324	Как оформлять и платить пособия в 2022 году
324	как оформлять пособие в 2022 году
324	как оформлять пособия в 2022
324	как оформлять и платить пособия в 2022
324	как оформлять пособия в 2022 году
421	чек лист для бухгалтера на октябрь
421	чек-лист для бухгалтера на октябрь
421	чек-лист для бухгалтера на август
421	чек лист для бухгалтера на октябрь
421	чек лист для бухгалтера на август
421	чек лист для бухгалтера на октябрь
421	чек-лист для бухгалтера на октябрь
421	чек-лист для бухгалтера на октябрь
520	календарь бухгалтера 2022
520	календарь бухгалтера на 2022
520	календарь бухгалтера на 2022 год
520	календарь бухгалтера 2022
520	календарь бухгалтера на 2022 год
520	Календарь бухгалтера на 2022 год
520	календарь бухгалтера на 2022
520	календарь бухгалтера на 2022
540	справочник отчетности
540	справочник отчетности
540	Справочник отчетности
540	справочник отчетности
540	справочник по отчетности
540	справочник по отчетности
540	справочник отчетности
540	справочник по отчетности
554	индексация зарплаты
554	индексация заработной платы
554	индексация заработной платы
554	индексация заработной платы
554	индексация зарплаты
554	индексация зарплаты
554	индексация заработной платы
554	индексация зарплаты
576	как составить и сдать сзв-тд
576	как составить и сдать сзв-тд?
576	как составить и сдать сзв-м
576	как составить и сдать сзв-тд
576	как составить и сдавать сзв тд
576	как составить и сдать сзв тд
576	как составить и сдать сзв-м
576	как составить и сдать сзв тд
580	чек-лист ноября
580	чек-лист ноября
580	чек-лист на ноябрь
580	чек-лист ноября
580	чек лист на ноябрь
580	чек лист на ноябрь
580	чек лист ноября
580	чек-лист на ноябрь
642	отказ от вакцинации
642	отказ вакцинация
642	отказ вакцинация
642	отказ от вакцинации
642	отказ вакцинации
642	отказ в вакцинации
642	Отказ от вакцинации
642	Отказ от вакцинации
643	как составить пояснение в налоговую инспекцию?
643	Как составить пояснения в налоговую инспекцию?
643	как составить пояснение в налоговую инспекцию?
643	Как составить пояснение в налоговую инспекцию?
643	Как составить пояснения в налоговую инспекцию?
643	как составить пояснения в налоговую инспекцию?
643	Как составить пояснения в налоговую инспекцию.
643	Как составить пояснение в налоговую инспекцию?
769	чек лист сентября
769	чек-лист сентября
769	чек-лист сентябрь
769	чек-лист сентября
769	чек лист на сентябрь
769	чек-лист сентября
769	чек лист сентябрь
769	чек лист на сентябрь
856	новая форма сзвм
856	новая форма сзв-тд
856	новая форма сзв
856	новая форма сзв-тд
856	новая форма сзв-м
856	новая форма сзвм
856	новая форма сзв
856	новая форма сзв-м
1700	изменения с сентября 2021 года
1700	изменения с сентября 2021г
1700	изменения с сентября 2021
1700	изменения с сентября 2021 года
1700	изменения с сентября 2021 г
1700	изменения с сентября 2021
1700	изменения с сентября 2021 г
1700	изменения с сентября 2021
27	как учесть опоздавшую первичку
27	как учесть опоздавшую первичку?
27	как учесть опоздавшую первичку
27	как учесть опаздавшую первичку
27	как учесть опоздавшую первичку?
27	Как учесть опоздавшую первичку
27	Как учесть опоздавшую первичку?
61	как банки контролируют клиентов по 115-фз
61	Как банки контролируют клиентов по 115-ФЗ
61	как банки контролируют организации по 115-фз
61	как банки контролируют клиентов по 115-фз
61	как банки контролируют клиентов по 115фз
61	как банки контролируют организации по 115 фз
61	как банки контролируют клиентов по 115-фз
128	изменения с 01.07
128	изменения с 01.05
128	изменения с 01.07
128	изменения с 01.05
128	изменение с 01.07
128	изменения с 01.07.21
128	изменения с 01.07.21
159	новости и изменения для бухгалтера
159	новости и изменения для бухгалтера
159	новости изменения для бухгалтера
159	новости и изменения для бухгалтера
159	новости изменения для бухгалтера
159	последние новости для бухгалтера
159	новости и изменения для бухгалтера
178	как составить пояснение в ИФНС
178	как составить пояснения в ИФНС
178	как составить пояснения в ИФНС
178	как составить пояснения в ИФНС
178	как составить пояснения в ифнс
178	как составить пояснения в ифнс образцы ответов
178	как составить пояснение в ифнс
191	образцы платежных поручений
191	образцы заполнения платежных поручений
191	Образцы заполнения платежных поручений
191	образец заполнения платежных поручений
191	образцы заполнения платежных поручений
191	Образцы заполнения платежных поручений
191	образцы платежных поручений
204	как составить и учесть акт сверки с контрагентом
204	как составить и учесть акт сверки с контрагентом
204	как составить и учесть акт сверки с контрагентом?
204	как составить и учесть акт сверки
204	как составить и учесть акт сверки с контрагентом?
204	Как составить и учесть акт сверки с контрагентом
204	как составить и учесть акт сверки с контрагентом
258	3ндфл
258	3 ндфл
258	3ндфл
258	3 ндфл
258	3-ндфл
258	3-ндфл
258	3 ндфл
309	справочник отчетность за 1 квартал 2022
309	отчет за 1 квартал 2022 года справочник
309	отчет за 1 квартал 2022 года справочник
309	Справочник «Отчетность за I квартал 2022 года»
309	справочник отчетность за 1 квартал 2022
309	отчет за 1 квартал 2022 справочник
309	Справочник «Отчетность за I квартал 2022 года»
451	форма 6-ндфл
451	форма 6 ндфл
451	новая форма 6 ндфл
451	форма 6ндфл
451	форма 6 ндфл
451	форма 6 ндфл
451	форма 6-ндфл
482	документы фсс по пособиям
482	документы в фсс по пособиям
482	документы ФСС по пособиям
482	Документы ФСС по пособиям
482	документы в фсс по пособиям
482	документы фсс по пособиям
482	документы в фсс по пособиям
594	изменения на апрель
594	изменения на апрель
594	изменения на апрель
594	изменение на апрель
594	изменение на апрель
594	изменение на апрель
594	изменения на апрель
605	УСНО 6%
605	УСН 6 %
605	УСНО 6%
605	УСН 6%
605	УСН 6%
605	УСНО 6%
605	УСН 6%
682	Календарь главных изменений для бухгалтера с 2021 года
682	календарь главных изменений для бухгалтера 2021
682	календарь главных изменений для бухгалтера с 2021 года
682	календарь главных изменений для бухгалтера 2021
682	календарь изменений для бухгалтера на 2021
682	календарь изменений для бухгалтера на 2021
682	календарь главных изменений для бухгалтера 2021 года
711	чек лист на январь 2021
711	чек лист март 2021
711	чек лист на январь 2021
711	чек-лист на январь 2021
711	чек-лист на январь 2021
711	чек-лист на январь 2021
711	чек лист март 2021
783	как банки контролируют клиентов
783	как банки контролируют клиентов?
783	как банки контролируют клиентов
783	как банки контролируют клиентов
783	как банки контролируют клиентов
783	Как банки контролируют клиентов?
783	как банки контролируют клиентов?
821	чек-лист для бухгалтера на ноябрь
821	чек-лист для бухгалтера на ноябрь
821	чек лист для бухгалтера на ноябрь
821	чек лист для бухгалтера на ноябрь
821	Чек-лист для бухгалтера на ноябрь
821	чек лист для бухгалтера на ноябрь
821	чек-лист для бухгалтера на ноябрь
897	памятки сотрудникам
897	памятки сотрудникам
897	памятки сотрудникам
897	памятки для сотрудников
897	памятки для сотрудников
897	памятки сотрудникам
897	памятки для сотрудников
985	Как оформить и оплатить нерабочие дни в октябре и ноябре 2021 года
985	как оформить и оплатить нерабочие дни в октябре и ноябре 2021
985	Как оформить и оплатить нерабочие дни в октябре и ноябре 2021 года
985	Как оформить и оплатить нерабочие дни в октябре и ноябре 2021 года
985	как оформить и оплатить нерабочие дни в октябре и ноябре 2021
985	как оформить и оплатить нерабочие дни в октябре и ноябре 2021
985	Как оформить и оплатить нерабочие дни в октябре и ноябре 2021
1088	платежное поручение
1088	платежные поручения
1088	платежное поручение
1088	платежного поручения
1088	платежное поручение
1088	платежного поручения
1088	платежное поручение
1134	пояснения в налоговую
1134	пояснение в налоговую
1134	пояснение в налоговую инспекцию
1134	пояснение в налоговую
1134	пояснение в налоговую
1134	пояснение в налоговую инспекцию
1134	пояснения в налоговую инспекцию
1170	новые кбк 2021
1170	новые кбк 2021
1170	новый кбк 2021
1170	новый кбк 2021
1170	новые кбк 2021
1170	новые кбк 2021
1170	новый кбк 2021
1462	Справочник отчетности за 3 квартал
1462	справочник по отчетности за 3 квартал
1462	справочник по отчетности за 3 квартал
1462	справочник отчетности за 3 квартал
1462	справочник отчетности за 3 квартал
1462	справочник по отчетности за 3 квартал
1462	справочник отчетности за 3 квартал
1529	годовой отчет
1529	годовой отчет
1529	годовой отчет
1529	годовая отчетность
1529	годовой отчёт
1529	годовой отчет
1529	годовая отчетность
1532	чек-лист на июль
1532	чек лист на июль
1532	чек-лист на июль
1532	чек лист июля
1532	чек лист на июль
1532	чек-лист июля
1532	чек лист июля
56	главное в октябре
56	главное в декабре
56	главное в декабре
56	главное в ноябре
56	Главное в октябре
56	главное в октябре
63	СЗВ-М?
63	СЗВ-ТД?
63	СЗВ-ТД?
63	А СЗВ-ТД?
63	А СЗВ-ТД?
63	СЗВ-ТД?
88	мрот 2021 года?
88	мрот 2022?
88	мрот 2022?
88	мрот 2021?
88	МРОТ 2021?
88	мрот 2021?
116	план проверок 2021
116	План проверок 2021
116	план проверок 2021
116	проверки 2021 года
116	проверки 2021 года
116	План проверок 2021
150	как хранить документы
150	сколько хранить документы
150	как хранить документы
150	Как хранить документы?
150	как хранить документы
150	сколько хранить документы
169	Добрый день. Новые КБК 2022
169	Добрый день. Учетная политика 2022
169	Добрый день. МРОТ 2022
169	Добрый день! МРОТ 2022
169	Добрый день. Новые КБК 2022
169	добрый день, мрот 2022
338	как получить новые антикризисные льготы
338	как получить новые антикризисные льготы?
338	как получить антикризисные льготы
338	как получить новые антикризисные льготы
338	как получить новые антикризисные льготы
338	как получить новые антикризисные льготы
365	Добрый день! срок выплаты отпускных
365	Добрый день! срок выплаты отпускных
365	Здравствуйте, срок выплаты отпускных
365	Добрый день! срок выплаты отпускных
365	Добрый день, срок выплаты отпускных
365	Добрый день! Срок выплаты отпускных?
377	работа санкций
377	работа санкции
377	работа санкций
377	работа санкций
377	работа санкций
377	работа санкции
469	чек лист для бухгалтера 2022
469	чек лист для бухгалтера февраль 2022
469	чек-лист для бухгалтера февраль 2022
469	чек-лист для бухгалтера 2022
469	чек лист для бухгалтера 2022
469	чек-лист для бухгалтера февраль 2022
478	6 ндфл
478	6 ндфл
478	6-ндфл
478	6-ндфл
478	6-ндфл
478	6 ндфл
497	РСВ проверяют по новому
497	рсв проверяет по новому
497	рсв проверяют по новому
497	рсв проверяют по новому
497	рсв проверять по новому
497	рсв проверяет по новому
608	Пояснения в налоговую образцы
608	пояснения в налоговую образцы
608	пояснение в налоговую образцы
608	пояснение в налоговую образцы
608	пояснение в налоговую образцы
608	пояснения в налоговую образцы
613	Добрый день! Годовой отчет 2020
613	Добрый день. Годовой отчет 2020
613	Добрый день! Годовой отчет 2020
613	Здравствуйте! Годовой отчет 2020
613	Добрый день! годовой отчет 2020
613	Добрый день. Годовой отчет 2020
651	по транспортному налогу
651	транспортный налог
651	по транспортному налогу
651	транспортный налог
651	транспортный налог
651	транспортный налог
659	что меняется в банковском контроле с 01 октября
659	что меняется в банковском контроле с 1 октября
659	Что меняется в банковском контроле с 1 октября
659	Что меняется в банковском контроле с 1 октября
659	что меняется в банковском контроле с 1 октября
659	что меняется в банковском контроле с 01 октября
668	изменения с октября
668	изменения с октября
668	изменения с октября месяца
668	изменения с октября месяца
668	изменения с ноября
668	изменения с октября
685	Отчетность за 9 месяцев
685	отчетность за 9 месяцев
685	отчетность за 9 месяцев
685	отчет за 9 месяцев
685	отчет за 9 месяцев
685	отчетность за 9 месяцев
717	сервис с кодами должностей
717	сервис с кодами должностей
717	сервис с кодами выполняемой функции
717	сервис с кодами выполняемых функций
717	сервис с кодами должностей
717	сервис с кодами должностей
729	как определить код должности для сзв-тд
729	как определить код должности для сзв-тд
729	как определить код должности для сзв тд
729	как определить код должности для сзв тд
729	как определить код должности для сзв-тд
729	как определить код должности для сзвтд
750	фсбу 6
750	фсбу-6
750	фсбу6
750	фсбу 6
750	фсбу6
750	фсбу 6
785	карта мир 2021
785	карта мир 2021
785	карта мир 2021
785	карта мир 2021
785	карта мира 2021
785	карты мир 2021
899	коды для платежек изменения
899	коды в платежках изменения
899	коды в платежках изменения
899	коды для платежек изменения
899	коды для платежек изменения
899	коды в платежках изменения
912	чек-лист мая
912	чек лист мая
912	чек-лист мая
912	чек лист мая
912	чек-лист мая
912	чек лист мая
936	Изменения 2021
936	Изменения 2021г.
936	Изменения 2021 г
936	Изменения 2021 год
936	Изменения 2021г
936	Изменения 2021 г
1000	платежки на зарплату
1000	платежка на зарплату
1000	платежка на зарплату
1000	платежное поручение на зарплату
1000	Платежка на зарплату
1000	платежки на зарплату
1057	новые реквизиты платежек с 1 мая
1057	новые реквизиты платежек с 1 мая
1057	новые реквизиты платежек с 1 мая
1057	новые реквизиты платежек с 01 мая
1057	новые реквизиты платежек с 01 мая
1057	новые реквизиты платежек с 01 мая
1060	справочник годовой отчет 2021
1060	справочник годовой отчетности 2021
1060	Справочник Годовой отчет 2021
1060	Справочник Годовой отчет 2021
1060	справочник годовой отчетности 2021
1060	Справочник годовой отчет 2021
1119	как заполнить и сдать расчет 6 ндфл
1119	как заполнить и сдать расчет 6ндфл
1119	как заполнить и сдать расчет 6ндфл
1119	как заполнить и сдать расчет 6 ндфл
1119	как заполнить и сдать расчет 6-ндфл
1119	как заполнить и сдать 6-ндфл
1162	производственный календарь 2021
1162	производственный календарь 2022
1162	производственный календарь 2022
1162	производственный календарь 2022
1162	производственный календарь на 2022 год
1162	производственный календарь на 2022 год
1163	Спецпроект по расчету отпусков
1163	спецпроект по расчету отпускных
1163	спецпроект по расчету отпускных
1163	спецпроект по расчету отпусков
1163	спец проект по расчету отпусков
1163	спец проект по расчету отпусков
1216	как сократить расходы на заработную плату?
1216	Как сократить расходы на зарплату?
1216	Как сократить расходы на заработную плату?
1216	Как сократить расходы на зарплату?
1216	Как сократить расходы на зарплату?
1216	Как сократить расходы на заработную плату?
1217	антикризисные меры поддержки в 2022 году
1217	антикризисные меры поддержки в 2022
1217	антикризисные меры поддержки 2022
1217	антикризисные меры поддержки 2022
1217	антикризисные меры поддержки 2022
1217	антикризисные меры поддержки 2022
1317	чек-лист май
1317	чек-лист май
1317	чек лист май
1317	чек лист май
1317	чек лист май
1317	чек-лист май
1668	все изменения с 01 июля 2021
1668	все изменения с 01.07.2021
1668	все изменения с 1 июля 2021
1668	все изменения с 01 июля 2021
1668	все изменения с 01.07.2021
1668	Все изменения с 01 июля 2021
1877	отчетность 2021
1877	годовой отчет 2021 год
1877	годовой отчет 2021
1877	годовой отчет 2021
1877	годовой отчет 2021
1877	годовой отчет 2021
1936	чек-лист бухгалтера на май
1936	чек лист бухгалтера на май
1936	чек лист бухгалтера на май
1936	чек-лист бухгалтера на май
1936	чек лист бухгалтера на май
1936	чек-лист бухгалтера на май
23	новая налоговая нагрузка
23	Новый налоговый режим
23	новая налоговая нагрузка
23	новая налоговая нагрузка
23	новая налоговая нагрузка
29	изменения с марта 2022
29	Изменения с 01.05.2022
29	Изменения с 01.05.2022
29	изменения с января 2022 года
29	изменения с января 2022 года
57	сдача сзв тд
57	сдача сзв-тд
57	сдача сзв-тд
57	сдать сзв-тд
57	сдача сзв тд
141	прослеживаемые товары
141	список прослеживаемых товаров
141	прослеживаемые товары
141	прослеживаемые товары
141	прослеживаемость товаров
172	проверка рсв
172	проверка рсв
172	Проверка РСВ
172	проверка рсв
172	проверка рсв
293	перенос сроков уплаты
293	перенос сроков уплаты
293	перенос сроков уплаты налогов
293	перенос сроков уплаты налогов
293	перенос сроков уплаты налогов
315	главное в январе
315	главное в январе
315	главное в феврале
315	главное в феврале
315	главное в январе
381	аптечка
381	аптечка
381	аптечка
381	аптечка
381	аптечки
420	декларации по НДС
420	Декларация по НДС
420	В декларации по НДС
420	декларации по НДС
420	Декларация по НДС
522	новая счет-фактура
522	Новая счет-фактура
522	новая счет фактура
522	новая форма счет-фактуры
522	новая счет фактура
527	отчетность за 1 квартал
527	отчетность за 1 квартал
527	Отчетность за 1 квартал
527	отчетность за 1 квартал
527	отчетность 1 квартал
529	сзвм
529	сзв-м
529	сзв м
529	сзвм
529	сзвм
543	антикризисные меры
543	антикризисные меры поддержки
543	антикризисные меры поддержки
543	антикризисные меры
543	антикризисные меры
547	учетная политика 2021
547	Учетная политика 2021
547	Учетная политика 2021
547	учетные политики 2021
547	учетные политики 2021
634	чек лист 21
634	чек-лист 21
634	чек лист 21
634	чек-лист 21
634	чек лист 21
637	комплект приказов
637	комплект приказов
637	Комплект приказов
637	комплект приказов
637	комплект приказов
677	изменения2021
677	изменение2021
677	изменения2021
677	изменения2021
677	изменение2021
706	Ежегодный отпуск
706	ежегодный отпуск
706	Ежегодный отпуск.
706	ежегодный отпуск
706	ежегодный отпуск
708	календарь 2022
708	календарь 2022
708	календарь 2021
708	календарь 2021
708	календарь 2021
740	как учесть аптечку
740	как учесть аптечку
740	как учесть аптечки
740	как учесть аптечку
740	как учесть аптечку
774	новые кбк на 2022 год
774	новые кбк в 2022
774	новые кбк в 2022 году
774	новые кбк на 2022 год
774	Новые КБК в 2022 году
790	Как составить и сдать СЗВ-ТД
790	Как составить и сдать СЗВ-ТД?
790	как составить и сдать СЗВ-ТД
790	Как составить и сдать СЗВ-ТД?
790	Как составить и сдать СЗВ-М
